<?xml version="1.0" encoding="UTF-8"?>
<beans xmlns="http://www.springframework.org/schema/beans"
	xmlns:xsi="http://www.w3.org/2001/XMLSchema-instance"
	xmlns:context="http://www.springframework.org/schema/context"
	xmlns:tx="http://www.springframework.org/schema/tx"
	xmlns:mybatis-spring="http://mybatis.org/schema/mybatis-spring"
	xsi:schemaLocation="http://www.springframework.org/schema/beans http://www.springframework.org/schema/beans/spring-beans.xsd
		http://mybatis.org/schema/mybatis-spring http://mybatis.org/schema/mybatis-spring-1.2.xsd
		http://www.springframework.org/schema/tx http://www.springframework.org/schema/tx/spring-tx-4.0.xsd
		http://www.springframework.org/schema/context http://www.springframework.org/schema/context/spring-context-4.0.xsd">
	<!-- 开启注解扫描 -->
	<context:component-scan base-package="bh.shy.ssm">
		<context:exclude-filter type="annotation" expression="org.springframework.stereotype.Controller"/>
	</context:component-scan>

	<!-- 数据源 -->
	<context:property-placeholder
		location="classpath:db.properties" />
	<bean id="dataSource"
		class="com.mchange.v2.c3p0.ComboPooledDataSource">
		<property name="jdbcUrl" value="${sqlserver.url}"></property>
		<property name="driverClass" value="${sqlserver.driver}"></property>
		<property name="user" value="${sqlserver.username}"></property>
		<property name="password" value="${sqlserver.password}"></property>
	</bean>

	<!-- 事务 -->
	<!-- <bean id="dataSourceTransactionManager"
		class="org.springframework.jdbc.datasource.DataSourceTransactionManager">
		<property name="dataSource" ref="dataSource"></property>
	</bean>
	<tx:annotation-driven
		transaction-manager="dataSourceTransactionManager" /> -->

	<!-- Mybatis与Spring的整合 -->
	<bean id="sqlSessionFactoryBean"
		class="org.mybatis.spring.SqlSessionFactoryBean">
		<!-- 注入数据源 -->
		<property name="dataSource" ref="dataSource"></property>
		<!-- 指定MyBatis的全局配置文件 -->
		<property name="configLocation"
			value="classpath:mybatis-config.xml"></property>
		<!-- 指定sql映射文件的位置 -->
		<property name="mapperLocations"
			value="classpath:mybatis/config/*.xml"></property>
		<!-- 取别名 -->
		<property name="typeAliasesPackage"
			value="bh.shy.ssm.domain"></property>

	</bean>

	<!-- 扫描所有的mapper接口，生成代理实现类，交给IOC容器管理 -->
	<bean class="org.mybatis.spring.mapper.MapperScannerConfigurer">
		<property name="basePackage" value="bh.shy.ssm.mapper"></property>
	</bean>



</beans>
