<?xml version="1.0" encoding="UTF-8" ?>
<!DOCTYPE configuration
PUBLIC "-//mybatis.org//DTD Config 3.0//EN"
"http://mybatis.org/dtd/mybatis-3-config.dtd">
<configuration>
	 <settings>
	 	<!-- 自动映射下划线到驼峰命名    DB: last_name  autoMapping  lastName  	-->
	 	<setting name="mapUnderscoreToCamelCase" value="true"/>
		<setting name="autoMappingBehavior" value="PARTIAL"/>
		<!-- 开启延迟加载 -->
		<setting name="lazyLoadingEnabled" value="true"/>
		<!-- 指定加载的属性是全部加载还是延迟加载 -->
		<setting name="aggressiveLazyLoading" value="false"/>
	 </settings>

	 <databaseIdProvider type="DB_VENDOR">
	 	<!-- 为数据库厂商的标识名起别名 -->
	 	<property name="MySQL" value="mysql"/>
	 	<property name="Oracle" value="oracle"/>
	 	<property name="SQL Server" value="sqlserver"/>
	 </databaseIdProvider>

</configuration>