<?xml version="1.0" encoding="UTF-8" ?>
<!DOCTYPE mapper PUBLIC "-//mybatis.org//DTD Mapper 3.0//EN" "http://mybatis.org/dtd/mybatis-3-mapper.dtd" >

<mapper namespace="bh.shy.ssm.mapper.BookCaseMapper">

	<resultMap type="bh.shy.ssm.domain.BookCase" id="myResultMap">
		

	</resultMap>

	<!-- 查询所有书架 -->
	<select id="bookCaseQuery" resultType="bh.shy.ssm.domain.BookCase">
	
		select * from tb_bookcase

	</select>
	<!-- 根据id查询书架信息 -->
	<select id="bookCaseModifyQuery" resultType="bh.shy.ssm.domain.BookCase">
		select * from tb_bookcase where id = #{id}
	</select>
	<!-- 更新书架信息 -->
	<update id="bookCaseModify" parameterType="bh.shy.ssm.domain.BookCase">
		update tb_bookcase set name = #{bookCase.name} where id = #{bookCase.id}
	</update>
	<!-- 删除图书信息 -->
	<delete id="bookInfoDel">
		delete from tb_bookinfo where bookcase = #{id}
	</delete>
	<!-- 删除书架信息 -->
	<delete id="bookCaseDel">
		delete from tb_bookcase where id = #{id}
	</delete>
	<!-- 添加书架信息 -->
	<insert id="bookCaseAdd">
		insert into tb_bookcase values(#{name})
	</insert>

</mapper>