<?xml version="1.0" encoding="UTF-8" ?>
<!DOCTYPE mapper PUBLIC "-//mybatis.org//DTD Mapper 3.0//EN" "http://mybatis.org/dtd/mybatis-3-mapper.dtd" >

<mapper namespace="bh.shy.ssm.mapper.BookInfoMapper">
	<!-- 根据id删除图书类型信息 -->
	<delete id="bookDelById">
		delete from tb_bookinfo where typeid = #{id}
	</delete>
	<resultMap type="bh.shy.ssm.domain.BookInfo" id="myResultMap">
		<id column="id" property="id"/>
		<result column="barcode" property="barcode"/>
		<result column="bookname" property="bookName"/>
		<result column="author" property="author"/>
		<result column="translator" property="translator"/>
		<result column="price" property="price"/>
		<result column="page" property="page"/>
		<result column="inTime" property="inTime"/>
		<result column="operator" property="operator"/>
		<!-- 封装书籍类型 -->
		<association property="bookType" javaType="bh.shy.ssm.domain.BookType">
			<id column="tid" property="id"/>
			<result column="typename" property="typename"/>
			<result column="days" property="days"/>
		</association>
		<!-- 封装出版社 -->
		<association property="publishing" javaType="bh.shy.ssm.domain.Publishing">
			<id column="pid" property="id"/>
			<result column="ISBN" property="ISBN"/>
			<result column="pubname" property="pubname"/>
			
		</association>
		<!-- 封装书架信息 -->
		<association property="bookCase" javaType="bh.shy.ssm.domain.BookCase">
			<id column="cid" property="id"/>
			<result column="cname" property="name"/>
		</association>
	
	</resultMap>
	<!-- 查询所有图书信息 -->
	<select id="bookQuery" resultMap="myResultMap">
		select 
			b.id,b.barcode,b.bookname,b.author,b.translator,b.price,b.page,b.inTime,b.operator,t.id tid,t.typename,t.days,p.id pid,p.ISBN,p.pubname,c.id cid,c.name cname
		from 
			tb_bookinfo b,tb_booktype t,tb_publishing p,tb_bookcase c
		where 
			b.typeid = t.id and b.cbs = p.id and b.bookcase = c.id and del = 0
	</select>
	<!-- 删除图书信息 -->
	<update id="bookDel">
		
		update tb_bookinfo set del = 1  where id = #{id}
	
	</update>
	<!-- 根据id查询图书信息 -->
	<select id="bookModifyQuery" resultMap="myResultMap">
		select 
			b.id,b.barcode,b.bookname,b.author,b.translator,b.price,b.page,b.inTime,b.operator,t.id tid,t.typename,t.days,p.id pid,p.ISBN,p.pubname,c.id cid,c.name cname
		from 
			tb_bookinfo b,tb_booktype t,tb_publishing p,tb_bookcase c
		where 
			b.typeid = t.id and b.cbs = p.id and b.bookcase = c.id and b.id = #{id} and del = 0
	</select>
	<!-- 修改图书信息 -->
	<update id="bookModify">
		update 
			tb_bookinfo 
		set 
			barcode=#{bookInfo.barcode},bookname=#{bookInfo.bookName},
			typeid=#{bookInfo.bookType.id},author=#{bookInfo.author},
			translator=#{bookInfo.translator},cbs = #{bookInfo.publishing.id},
			price=#{bookInfo.price},page=#{bookInfo.page},
			bookcase=#{bookInfo.bookCase.id},inTime=#{bookInfo.inTime},
			operator=#{bookInfo.operator},del=0 
		where 
			id = #{bookInfo.id}
	</update>
	<!-- 添加图书信息 -->
	<insert id="bookAdd">
		insert into 
			tb_bookinfo 
		values
			(#{bookInfo.barcode},#{bookInfo.bookName},
			#{bookInfo.bookType.id},#{bookInfo.author},
			#{bookInfo.translator},#{bookInfo.publishing.id},
			#{bookInfo.price},#{bookInfo.page},
			#{bookInfo.bookCase.id},#{bookInfo.inTime},
			#{bookInfo.operator},0 )
	</insert>
	<!-- 查询读者信息通过key -->
	<select id="bookQueryByKey" resultMap="myResultMap">
		select 
			b.id,b.barcode,b.bookname,b.author,b.translator,b.price,b.page,b.inTime,b.operator,t.id tid,t.typename,t.days,p.id pid,p.ISBN,p.pubname,c.id cid,c.name cname
		from 
			tb_bookinfo b,tb_booktype t,tb_publishing p,tb_bookcase c
		where 
			(b.typeid = t.id and b.cbs = p.id and b.bookcase = c.id  and del = 0 ) and (b.barcode = #{key} or b.bookname = #{key}) 
	</select>
	
</mapper>