<?xml version="1.0" encoding="UTF-8" ?>
<!DOCTYPE mapper PUBLIC "-//mybatis.org//DTD Mapper 3.0//EN" "http://mybatis.org/dtd/mybatis-3-mapper.dtd" >

<mapper namespace="bh.shy.ssm.mapper.BookTypeMapper">
	<!-- 查询所有的图书类型 -->
	<select id="bookTypeQuery" resultType="bh.shy.ssm.domain.BookType">
		select * from tb_booktype
	</select>
	<!-- 添加图书类型信息 -->
	<insert id="bookTypeAdd">
		insert into tb_booktype values(#{typename},#{days})
	</insert>
	<!-- 根据id查询图书类型信息 -->
	<select id="bookTypeModifyQuery" resultType="bh.shy.ssm.domain.BookType">
		select * from tb_booktype where id = #{id}
	</select>
	<!-- 根据id修改图书类型信息 -->
	<update id="bookTypeModify">
		update tb_booktype set typename = #{typename},days = #{days} where id = #{id}
	</update>
	<!-- 根据id删除图书类型信息 -->
	<delete id="bookTypeDel">
		delete from tb_booktype where id = #{id}
	</delete>

</mapper>