<?xml version="1.0" encoding="UTF-8" ?>
<!DOCTYPE mapper PUBLIC "-//mybatis.org//DTD Mapper 3.0//EN" "http://mybatis.org/dtd/mybatis-3-mapper.dtd" >

<mapper namespace="bh.shy.ssm.mapper.BorrowMapper">

	<resultMap type="bh.shy.ssm.domain.Borrow" id="myResultMap">
		
		<result column="degree" property="degree"/>
		

		<!-- 封装查询出来的图书信息 -->
		<association property="book"
			javaType="bh.shy.ssm.domain.BookInfo">
			<id column="id" property="id" />
			<result column="barcode" property="barcode" />
			<result column="bookname" property="bookName" />
			<result column="author" property="author" />
			<result column="translator" property="translator" />
			<result column="price" property="price" />
			<result column="page" property="page" />
			<result column="inTime" property="inTime"/>
			<result column="operator" property="operator"/>
			<result column="del" property="del"/>


			<!-- 封装书架信息 -->
			<association property="bookCase"
				javaType="bh.shy.ssm.domain.BookCase">
				<id column="bookcase" property="id"/>
				<result column="name" property="name"/>
			</association>
			<!-- 分装图书类型信息 -->
			<association property="bookType"
				javaType="bh.shy.ssm.domain.BookType">
				<id column="typeid" property="id" />
				<result column="typename" property="typename" />
				<result column="days" property="days" />
			</association>
			<!-- 封装出版社信息 -->
			<association property="publishing"
				javaType="bh.shy.ssm.domain.Publishing">
				<id column="cbs" property="id" />
				<result column="ISBN" property="ISBN" />
				<result column="pubname" property="pubname" />
			</association>
			

		</association>


	</resultMap>

	<select id="bookBorrowSort" resultMap="myResultMap">
		select
			*
		from
			(	
				SELECT 
					bookid,count(bookid) as degree 
				FROM 
					tb_borrow
				group by
					bookid
			) as borr
		join
			(
				select 
					b.*,c.name as bookcaseName,p.pubname,t.typename
				from
					tb_bookinfo b left join tb_bookcase c
				on
					b.bookcase=c.id
				join
					tb_publishing p
				on
					b.cbs=p.id
				join
					tb_booktype t
				on
					b.typeid=t.id
				where
					b.del=0
			) as book
		on
			borr.bookid=book.id
		order by 
			borr.degree desc

	</select>
	<!-- 通过读者id查询借阅信息 -->
	<select id="bookBorrowByReaderId" resultMap="myBorrowResultMap">
	select 
		b.bookname,borr.borrowTime,borr.backTime,p.pubname,bcase.name,b.price
	from 
		tb_bookinfo b,tb_borrow borr,tb_publishing p ,tb_bookcase bcase,tb_reader r
	where 
		b.id = borr.bookid and b.cbs=p.id and b.bookcase=bcase.id and r.id = borr.readerid and r.id = #{id}
	</select>
	<resultMap type="bh.shy.ssm.domain.Borrow" id="myBorrowResultMap">
		<result column="borrowTime" property="borrowTime"/>
		<result column="backTime" property="backTime"/>
		<association property="book" javaType="bh.shy.ssm.domain.BookInfo">
			<result column="bookname" property="bookName"/>
			<result column="price" property="price"/>
			<association property="publishing" javaType="bh.shy.ssm.domain.Publishing">
				<result column="pubname" property="pubname"/>
			</association>
			<association property="bookCase" javaType="bh.shy.ssm.domain.BookCase">
				<result column="name" property="name"/>
			</association>
		</association>
	</resultMap>
	<!-- 添加借阅信息 -->
	<insert id="addBorrow">
		insert into 
			tb_borrow 
		values(
			#{borr.reader.id},#{borr.book.id},#{borr.borrowTime},
			#{borr.backTime},#{borr.operator},#{borr.ifback}
			)
	</insert>



</mapper>