<?xml version="1.0" encoding="UTF-8" ?>
<!DOCTYPE mapper PUBLIC "-//mybatis.org//DTD Mapper 3.0//EN" "http://mybatis.org/dtd/mybatis-3-mapper.dtd" >

<mapper namespace="bh.shy.ssm.mapper.ManagerMapper">
	
	<resultMap type="bh.shy.ssm.domain.Manager" id="myResultMap">
		<id column="mid" property="id"/>
		<result column="name" property="name"/>
		<result column="pwd" property="pwd"/>
		<association property="purview" javaType="bh.shy.ssm.domain.Purview">
			<id column="pid" property="id"/>
			<result column="sysset" property="sysset"/>
			<result column="readerset" property="readerset"/>
			<result column="bookset" property="bookset"/>
			<result column="borrowback" property="borrowback"/>
			<result column="sysquery" property="sysquery"/>
			<result column="manager_id" property="manager_id"/>
		</association>
	</resultMap>
	<!-- 登陆 -->
	<select id="login" resultMap="myResultMap">
		select 
			m.id mid,m.name, m.pwd,  p.id pid ,p.sysset,p.readerset,p.bookset,p.borrowback,p.sysquery,p.manager_id
		from 
			tb_manager m ,tb_purview p
		where 
			m.id = p.manager_id and m.name = #{name} and m.pwd = #{pwd}
	</select>
	<!-- 查询管理员的所有信息 -->
	<select id="managerQuery" resultMap="myResultMap">
		select 
			m.id mid,m.name, m.pwd,  p.id pid ,p.sysset,p.readerset,p.bookset,p.borrowback,p.sysquery,p.manager_id
		from 
			tb_manager m ,tb_purview p
		where 
			m.id = p.manager_id
	</select>
	<!-- 查询管理员根据id -->
	<select id="managerModifyQuery" resultMap="myResultMap">
		select 
			m.id mid,m.name, m.pwd,  p.id pid ,p.sysset,p.readerset,p.bookset,p.borrowback,p.sysquery,p.manager_id
		from 
			tb_manager m ,tb_purview p
		where 
			m.id = p.manager_id and m.id=#{id}
	</select>
	<!-- 更新管理员权限 -->
	<update id="managerModify">
	
		Update 
			tb_purview 
		set 
			sysset=#{purview.sysset},readerset=#{purview.readerset},bookset=#{purview.bookset},borrowback=#{purview.borrowback},sysquery=#{purview.sysquery} 
		where 
			manager_id=#{manager.purview.manager_id}
		
	</update>
	<!-- 删除管理员并删除所有的权限 -->
	<delete id="managerDel">
		delete 
			from 
				tb_purview
			from 
				tb_purview p 
			inner join 
				tb_manager m 
			on 
				m.id=p.manager_id 
			where 
				m.id=#{id}
	</delete>
	<!-- 删除管理员 -->
	<delete id="managerDelById">
		delete 
			from 
				tb_purview
			where 
				id=#{id}
	</delete>
	<!-- 插入管理员信息 -->
	<insert id="managerAdd" parameterType="bh.shy.ssm.domain.Manager" useGeneratedKeys="true" keyProperty="id">
		insert into tb_manager values(#{name},#{pwd})
	</insert>
	<!-- 插入管理员的权限信息 -->
	<insert id="purviewAdd" parameterType="bh.shy.ssm.domain.Manager">
		insert into tb_purview values(0,0,0,0,0,#{id})
	</insert>
	
</mapper>