<?xml version="1.0" encoding="UTF-8" ?>
<!DOCTYPE mapper PUBLIC "-//mybatis.org//DTD Mapper 3.0//EN" "http://mybatis.org/dtd/mybatis-3-mapper.dtd" >

<mapper namespace="bh.shy.ssm.mapper.ReaderMapper">

	<resultMap type="bh.shy.ssm.domain.Reader" id="myResultMap">
		<id column="id" property="id"/>
		<result column="name" property="name"/>
		<result column="sex" property="sex"/>
		<result column="barcode" property="barcode"/>
		<result column="vocation" property="vocation"/>
		<result column="birthday" property="birthday"/>
		<result column="paperType" property="paperType"/>
		<result column="paperNO" property="paperNO"/>
		<result column="tel" property="tel"/>
		<result column="email" property="email"/>
		<result column="createDate" property="createDate"/>
		<result column="operator" property="operator"/>
		<association property="readerType" javaType="bh.shy.ssm.domain.ReaderType">
			<id column="tid" property="id"/>
			<result column="tname" property="name"/>
			<result column="number" property="number"/>
		</association>
	</resultMap>
	
	<!-- 查询所有读者类型信息 -->
	<select id="readerTypeQuery" resultType="bh.shy.ssm.domain.ReaderType">
		select * from tb_readertype order by number desc
	</select>
	<!-- 根据id查询读者类型信息 -->
	<select id="readerTypeModifyQuery" resultType="bh.shy.ssm.domain.ReaderType">
		select * from tb_readertype where id = #{id}
	</select>
	<!-- 根据id修改读者类型信息 -->
	<update id="readerTypeModify">
	
		update tb_readertype set name = #{name},number = #{number} where id = #{id}
	
	</update>
	<!-- 删除读者类型信息 -->
	<delete id="readerTypeDel">
		delete from tb_readertype where id = #{id}
	</delete>
	<!-- 添加读者类型信息 -->
	<insert id="readerTypeAdd">
		insert into tb_readertype values(#{name},#{number})
	</insert>
	
	<!-- =============================================读者信息============================= -->
	<!-- 查看所有读者信息 -->
	<select id="readerQuery" resultMap="myResultMap">
		select r.*,t.id tid,t.name tname,t.number from tb_reader r,tb_readertype t where r.typeid = t.id
	</select>
	<!-- 根据id查看读者信息 -->
	<select id="readerDetail" resultMap="myResultMap">
		select r.*,t.id tid,t.name tname,t.number from tb_reader r,tb_readertype t where r.typeid = t.id and r.id = #{id}
	</select>
	<!-- 修改读者信息 -->
	<update id="readerModify">
		update 
			tb_reader 
		set 
			name = #{reader.name},sex = #{reader.sex},barcode = #{reader.barcode},vocation = #{reader.vocation},
			birthday = #{reader.birthday},paperType = #{reader.paperType},paperNO = #{reader.paperNO},tel = #{reader.tel},
			email = #{reader.email},createDate = #{reader.createDate},operator = #{reader.operator},typeid = #{typeid}
		where 
			id = #{reader.id}
	</update>
	<!-- 删除读者信息 -->
	<delete id="readerDel">
		delete from tb_reader where id = #{id}
	</delete>
	<!-- 添加读者信息 -->
	<insert id="readerAdd">
		insert 
			into 
		tb_reader 
		values(	#{reader.name},#{reader.sex},#{reader.barcode},
				#{reader.vocation},#{reader.birthday},#{reader.paperType},
				#{reader.paperNO},#{reader.tel},#{reader.email},#{reader.createDate},
				#{reader.operator},#{typeid}
				)
	</insert>
	<!-- 根据条形码查询读者信息 -->
	<select id="readerQueryByCode" resultMap="myResultMap">
		
		select r.*,t.id tid,t.name tname,t.number from tb_reader r,tb_readertype t where r.typeid = t.id and r.barcode = #{barcode}
		
	</select>
</mapper>